id_station,name,geometry,mode,opening
23409,Wrightsville,POINT(-77.8149611370663 34.219451693304435),0.0,1887.0
